{
  "project_info": {
    "project_number": "487511068634",
    "firebase_url": "https://green-zone-78c49-default-rtdb.asia-southeast1.firebasedatabase.app",
    "project_id": "green-zone-78c49",
    "storage_bucket": "green-zone-78c49.firebasestorage.app"
  },
  "client": [
    {
      "client_info": {
        "mobilesdk_app_id": "1:487511068634:android:d4944fb4e122e7a745bae3",
        "android_client_info": {
          "package_name": "com.onikgames.greenzone"
        }
      },
      "oauth_client": [],
      "api_key": [
        {
          "current_key": "AIzaSyB6Fvng3VuTRioiL3lnbSBPQfVg4Gr_hAs"
        }
      ],
      "services": {
        "appinvite_service": {
          "other_platform_oauth_client": []
        }
      }
    }
  ],
  "configuration_version": "1"
}